20960487.56975929 _!_ 104 _!_ Email _!_ "For record-keeping, please CC the document control team." _!_
66405777.91875315 _!_ 104 _!_ Email _!_ "Kindly CC the HR department for their reference." _!_
80149395.94442397 _!_ 104 _!_ Email _!_ "For coordination purposes, please include the logistics team in the recipient list." _!_
68607554.50363046 _!_ 104 _!_ Email _!_ "I need assistance with configuring email synchronization on a smart home device like a voice assistant or smart display." _!_
67588503.69497313 _!_ 104 _!_ Email _!_ "Can you guide me on how to set up email filters to automatically archive or delete old and unnecessary messages?" _!_
6177722.855557732 _!_ 104 _!_ Email _!_ "I want to enable email filtering to automatically block or mark spam messages." _!_
29603286.383979198 _!_ 104 _!_ Email _!_ "I need assistance with setting up email aliases or alternate email addresses for different purposes or identities." _!_
70246539.42306566 _!_ 104 _!_ Email _!_ "Minimize email distractions by turning off notifications or setting specific times for email notifications." _!_
20373439.287874196 _!_ 104 _!_ Email _!_ "I would appreciate it if you could include me in the distribution of future communications." _!_
23114221.213396512 _!_ 104 _!_ Email _!_ "I want to apply an email" _!_
50621414.55272585 _!_ 104 _!_ Email _!_ "Can you guide me on how to set up email filters to automatically categorize messages based on sender or subject?" _!_
82560822.30988906 _!_ 104 _!_ Email _!_ "Can you recommend any email management techniques or best practices for keeping my inbox clutter-free?" _!_
87638576.20376024 _!_ 104 _!_ Email _!_ "I need to email an important document." _!_
28870802.493647728 _!_ 104 _!_ Email _!_ "Can you guide me on how to set up email folders and organize my inbox effectively?" _!_
68934783.14804873 _!_ 104 _!_ Email _!_ "It is important to include the legal team as a recipient for their review." _!_
95377214.0436628 _!_ 104 _!_ Email _!_ "How do I recover an email that was accidentally sent to the spam folder and not noticed in time?" _!_
2406206.899471852 _!_ 104 _!_ Email _!_ "I want to send an email with an attachment." _!_
53521835.13840916 _!_ 104 _!_ Email _!_ "Can you recommend a secure email service?" _!_
28024060.831407014 _!_ 104 _!_ Email _!_ "Can you recommend any email backup solutions or methods to prevent data loss?" _!_
15943291.198723841 _!_ 104 _!_ Email _!_ "I want to customize the email template for newsletter campaigns or email marketing." _!_
4186006.367796613 _!_ 104 _!_ Email _!_ "Kindly send a courtesy copy to Sarah for her records." _!_
43361243.36683678 _!_ 104 _!_ Email _!_ "How can I set up email notifications for when an email recipient opens or reads my message?" _!_
51393042.575867124 _!_ 104 _!_ Email _!_ "How do I mark an email as spam?" _!_
34410316.700641096 _!_ 104 _!_ Email _!_ "I need assistance with setting up email signatures to add a professional touch to my outgoing messages." _!_
58195157.97953992 _!_ 104 _!_ Email _!_ "Can you guide me on how to set up email reminders for important deadlines or tasks?" _!_
90620097.47218612 _!_ 104 _!_ Email _!_ "How can I set up email filters to automatically archive or move read messages out of the inbox?" _!_
62476286.05500811 _!_ 104 _!_ Email _!_ "How do I recover an email that was accidentally deleted from the trash or recycle bin and emptied?" _!_
20015294.893958803 _!_ 104 _!_ Email _!_ "How can I set up email forwarding for a specific domain or email address?" _!_
72647842.3417395 _!_ 104 _!_ Email _!_ "Can you guide me on how to create email aliases or alternate email addresses?" _!_
99583031.1563791 _!_ 104 _!_ Email _!_ "To keep everyone in the loop, please CC the project manager." _!_
49413791.67472953 _!_ 104 _!_ Email _!_ "How do I recover an email that was accidentally deleted from the drafts folder before sending?" _!_
32414827.17593349 _!_ 104 _!_ Email _!_ "How can I import contacts into my email address book?" _!_
58864333.33900781 _!_ 104 _!_ Email _!_ "Please include John as a CC in the email." _!_
2366480.0491466573 _!_ 104 _!_ Email _!_ "Make sure to CC the marketing department to keep them informed." _!_
12302581.022970349 _!_ 104 _!_ Email _!_ "Please include the CEO as a courtesy copy for this communication." _!_
92958210.34884077 _!_ 104 _!_ Email _!_ "I want to organize my inbox by creating email filters." _!_
5351987.734231012 _!_ 104 _!_ Email _!_ "I need assistance with setting up email forwarding to redirect messages from one email account to another." _!_
97942809.40379629 _!_ 104 _!_ Email _!_ "How can I set up email filters to automatically categorize messages as promotions or newsletters?" _!_
21403922.40149179 _!_ 104 _!_ Email _!_ "How can I set up email notifications for when an email recipient clicks on a specific link within my message?" _!_
16597361.270754619 _!_ 104 _!_ Email _!_ "Kindly CC the sales manager on all client-related emails." _!_
18555673.764489423 _!_ 104 _!_ Email _!_ "I need assistance with configuring email synchronization on multiple devices or platforms." _!_
19054257.749212276 _!_ 104 _!_ Email _!_ "How do I recover an email that was accidentally moved to the spam folder and deleted without notice?" _!_
7551087.210103169 _!_ 104 _!_ Email _!_ "How can I set up email notifications for when an email recipient prints my message or saves it as a PDF?" _!_
41699714.51715129 _!_ 104 _!_ Email _!_ "Send an email to my friend." _!_
8957257.003800867 _!_ 104 _!_ Email _!_ "Can you recommend any email management tools?" _!_
23747954.006581917 _!_ 104 _!_ Email _!_ "How do I set up email autoresponders for when I'm out of the office or on vacation?" _!_
15086468.832305588 _!_ 104 _!_ Email _!_ "Can you recommend any email search techniques or tools to quickly find specific messages within my mailbox?" _!_
7300541.538141092 _!_ 104 _!_ Email _!_ "Can you guide me on how to set up email filters to automatically sort emails based on priority or urgency?" _!_
49837824.09065209 _!_ 104 _!_ Email _!_ "How can I set up email notifications for when an email recipient deletes my message without reading it?" _!_
23939477.00639223 _!_ 104 _!_ Email _!_ "How can I set up email filters to automatically move messages from specific senders to designated folders?" _!_
28339016.13185884 _!_ 104 _!_ Email _!_ "Is it possible to send a confidential email?" _!_
69279386.49508034 _!_ 104 _!_ Email _!_ "I want to set up email rules to automatically delete spam or unwanted messages from my inbox." _!_
98224615.25153275 _!_ 104 _!_ Email _!_ "I need assistance with setting up email signatures for different email accounts or aliases." _!_
43468422.7565866 _!_ 104 _!_ Email _!_ "How can I set up email signatures with my name, title, and contact information?" _!_
80606702.42690012 _!_ 104 _!_ Email _!_ "How do I recover an email that was accidentally sent to the wrong recipient or distribution list?" _!_
66274684.12092927 _!_ 104 _!_ Email _!_ "How do I recover an email that was accidentally deleted from my inbox or sent items folder?" _!_
58016671.573757716 _!_ 104 _!_ Email _!_ "How can I set up email notifications for when an email recipient forwards my message to someone else?" _!_
57242664.522981 _!_ 104 _!_ Email _!_ "I want to set up email archiving to store and access old messages for future reference or legal requirements." _!_
69568742.69433442 _!_ 104 _!_ Email _!_ "Can you guide me on how to set up email notifications for important contacts or VIP senders?" _!_
86793662.1502985 _!_ 104 _!_ Email _!_ "Please keep John informed by including him in the CC field." _!_
21931046.774500873 _!_ 104 _!_ Email _!_ "Can you guide me on how to set up email notifications for calendar events or meeting reminders?" _!_
70247713.84225993 _!_ 104 _!_ Email _!_ "I want to set up email encryption for sensitive and confidential communications." _!_
41767044.14983063 _!_ 104 _!_ Email _!_ "Make sure to send a courtesy copy to the manager." _!_
62074635.211949445 _!_ 104 _!_ Email _!_ "I need assistance with setting up email backups to ensure the safety and availability of my messages." _!_
13201096.247934407 _!_ 104 _!_ Email _!_ "Is there a way to track sent emails?" _!_
85539257.26782385 _!_ 104 _!_ Email _!_ "I need assistance with setting up email signatures that include legal disclaimers or confidentiality notices." _!_
58065662.21047909 _!_ 104 _!_ Email _!_ "Can you recommend any email productivity tools or extensions for time management?" _!_
76364173.06877638 _!_ 104 _!_ Email _!_ "How can I organize my emails into folders?" _!_
40109351.45854867 _!_ 104 _!_ Email _!_ "Can you recommend any email add-ons or extensions for enhanced productivity and workflow?" _!_
12062936.8341862 _!_ 104 _!_ Email _!_ "Please make sure to include Mary as a recipient of this message." _!_
39985316.40419641 _!_ 104 _!_ Email _!_ "I want to customize the email signature with my contact information and social media links." _!_
18440277.83937381 _!_ 104 _!_ Email _!_ "I need assistance with setting up email reminders and follow-up notifications." _!_
84496113.90006831 _!_ 104 _!_ Email _!_ "I want to enable email read receipts to track when recipients open my messages." _!_
2182999.1656173496 _!_ 104 _!_ Email _!_ "Can I set up an out-of-office auto-reply for my emails?" _!_
47377784.96157744 _!_ 104 _!_ Email _!_ "I want to customize the email layout or design for a more personalized look and feel." _!_
99626652.2167177 _!_ 104 _!_ Email _!_ "I want to send an email to a group of people." _!_
19691194.454819728 _!_ 104 _!_ Email _!_ "How can I set up email notifications for important calendar events or appointments?" _!_
92307994.85630967 _!_ 104 _!_ Email _!_ "I want to enable email notifications for new messages in a specific language or from specific countries." _!_
17983331.71651525 _!_ 104 _!_ Email _!_ "I need assistance with setting up email synchronization across multiple email clients or platforms." _!_
2388438.8231038554 _!_ 104 _!_ Email _!_ "How can I set up email notifications on my device?" _!_
89345784.66249059 _!_ 104 _!_ Email _!_ "I need to archive some old emails. How can I do that?" _!_
51306397.2594609 _!_ 104 _!_ Email _!_ "How do I recover an email that was mistakenly flagged as a false positive in the spam filter?" _!_
78443112.70195462 _!_ 104 _!_ Email _!_ "I want to set up email filters to automatically sort incoming messages into different folders based on sender's domain." _!_
63953800.012742646 _!_ 104 _!_ Email _!_ "Can you recommend any email productivity tools or software for managing large volumes of emails?" _!_
10919007.854160013 _!_ 104 _!_ Email _!_ "Can you guide me on how to create email rules to automatically forward specific messages to another email address?" _!_
74278420.84529796 _!_ 104 _!_ Email _!_ "For reference, please CC the document control team." _!_
95349048.16994683 _!_ 104 _!_ Email _!_ "Can you recommend any email organization strategies or techniques to declutter and streamline my mailbox?" _!_
59276908.839781925 _!_ 104 _!_ Email _!_ "To ensure effective communication, please CC the designated contact person." _!_
70115651.1589357 _!_ 104 _!_ Email _!_ "Please include John as a CC on this message." _!_
21084057.603569407 _!_ 104 _!_ Email _!_ "For confidentiality purposes, please blind copy the auditors." _!_
73208817.58066145 _!_ 104 _!_ Email _!_ "How do I compose an email?" _!_
72912807.20842488 _!_ 104 _!_ Email _!_ "I want to change the email notification sound on my device." _!_
77851555.15399559 _!_ 104 _!_ Email _!_ "Practice good email etiquette, such as responding promptly, using proper grammar and punctuation, and respecting others' privacy." _!_
10044774.85830485 _!_ 104 _!_ Email _!_ "Please explain the process of forwarding emails." _!_
44469670.57468277 _!_ 104 _!_ Email _!_ "Can you show me how to send an email to multiple recipients?" _!_
81778592.25448753 _!_ 104 _!_ Email _!_ "Please guide me on how to create a mailing list." _!_
93705456.80466132 _!_ 104 _!_ Email _!_ "I need assistance with setting up email notifications for when an email recipient clicks on a link within my message." _!_
7900427.468679361 _!_ 104 _!_ Email _!_ "I want to set up email folders to organize my messages based on different categories or projects." _!_
83211281.1856604 _!_ 104 _!_ Email _!_ "How can I set up email forwarding to another address?" _!_
18092819.30369844 _!_ 104 _!_ Email _!_ "I want to set up email filters to automatically sort incoming messages." _!_
588382.7538692543 _!_ 104 _!_ Email _!_ "I need to check my email settings. Where can I find them?" _!_
91298760.36267392 _!_ 104 _!_ Email _!_ "I need assistance with setting up email notifications for when an email recipient replies or forwards my message." _!_
42942526.305840224 _!_ 104 _!_ Email _!_ "How do I format the text in an email?" _!_
11040140.323555658 _!_ 104 _!_ Email _!_ "I want to apply an email" _!_
9015972.566761354 _!_ 104 _!_ Email _!_ "How do I configure email settings for automatic spell-checking and grammar correction?" _!_
12916521.574959649 _!_ 104 _!_ Email _!_ "Can you guide me on how to add an email attachment?" _!_
63199916.05624151 _!_ 104 _!_ Email _!_ "Can you recommend any email productivity tools or techniques to manage and prioritize my inbox effectively?" _!_
73255237.60398115 _!_ 104 _!_ Email _!_ "Set specific times to check and respond to emails instead of constantly checking throughout the day." _!_
19263827.357279707 _!_ 104 _!_ Email _!_ "How can I add a signature to my emails?" _!_
7314618.7438801415 _!_ 104 _!_ Email _!_ "I need assistance with setting up email synchronization between my mobile device and computer." _!_
85114203.00550482 _!_ 104 _!_ Email _!_ "I need assistance with setting up email synchronization between my mobile device and computer for seamless access to my emails." _!_
97862022.67634407 _!_ 104 _!_ Email _!_ "How can I set up email notifications for when an email recipient replies to or forwards my message?" _!_
82468745.717805 _!_ 104 _!_ Email _!_ "Can you guide me on how to set up email filters to automatically flag or highlight important messages?" _!_
205124.21595986208 _!_ 104 _!_ Email _!_ "I need assistance with setting up email forwarding to multiple recipients or distribution lists." _!_
13886284.546337634 _!_ 104 _!_ Email _!_ "I would appreciate it if you could blind CC me on the message." _!_
19124283.048961155 _!_ 104 _!_ Email _!_ "It's important to keep certain recipients blind copied for privacy reasons." _!_
83284167.329857 _!_ 104 _!_ Email _!_ "I need to unsubscribe from unwanted email newsletters." _!_
60992841.6190885 _!_ 104 _!_ Email _!_ "I need to draft an email for a job application." _!_
38905072.03401469 _!_ 104 _!_ Email _!_ "Can you recommend any email plugins or extensions for productivity enhancement?" _!_
79576302.77261394 _!_ 104 _!_ Email _!_ "Make sure to CC the client's representative in your response." _!_
41921019.68351548 _!_ 104 _!_ Email _!_ "How do I set up email notifications for urgent or high-priority messages?" _!_
57498803.26588531 _!_ 104 _!_ Email _!_ "For transparency, blind copy the auditors on this email." _!_
75863414.73892735 _!_ 104 _!_ Email _!_ "I want to set up an automatic out-of-office reply for my email while I'm on vacation or away from work." _!_
82207967.51903756 _!_ 104 _!_ Email _!_ "I want to set up email filters to automatically mark certain messages as important or high priority." _!_
77610606.50944117 _!_ 104 _!_ Email _!_ "How can I set up email encryption to protect sensitive information in my messages from unauthorized access?" _!_
225710.24060448198 _!_ 104 _!_ Email _!_ "How do I recover an email that was accidentally moved to the junk or spam folder and marked as spam?" _!_
42266662.51724097 _!_ 104 _!_ Email _!_ "Kindly include the HR department as a courtesy copy." _!_
9969160.915179765 _!_ 104 _!_ Email _!_ "For accountability, please CC the quality assurance team." _!_
269110.2613918472 _!_ 104 _!_ Email _!_ "How do I recover a deleted email from the ""Trash"" folder?" _!_
89976338.71033609 _!_ 104 _!_ Email _!_ "I want to enable email notifications for when someone mentions me in a conversation or thread." _!_
95535922.78642184 _!_ 104 _!_ Email _!_ "I want to enable email auto-deletion to automatically remove old or unnecessary messages from my inbox." _!_
94358917.58162574 _!_ 104 _!_ Email _!_ "How do I recover an email that was accidentally sent to the wrong recipient?" _!_
85856226.9947646 _!_ 104 _!_ Email _!_ "Keep Sarah in the loop by adding her as a courtesy copy." _!_
32810481.768516276 _!_ 104 _!_ Email _!_ "Please add the CEO as a courtesy copy for this communication." _!_
60943798.77429261 _!_ 104 _!_ Email _!_ "Make sure to add the client's representative as a CC in your response." _!_
29816456.240759447 _!_ 104 _!_ Email _!_ "It would be appreciated if you could send a copy of the email to our team lead." _!_
53904799.28866006 _!_ 104 _!_ Email _!_ "I want to set up an out-of-office auto-reply for my email when I am on vacation or unavailable." _!_
97270850.77943929 _!_ 104 _!_ Email _!_ "Can you guide me on how to set up email filters to automatically categorize messages based on their importance or urgency?" _!_
73038983.4288379 _!_ 104 _!_ Email _!_ "It's important to send a courtesy copy to the department head for their awareness." _!_
44139813.28541551 _!_ 104 _!_ Email _!_ "How do I recover an email that was accidentally moved to the wrong folder or deleted from a specific folder?" _!_
29124888.48492547 _!_ 104 _!_ Email _!_ "How do I recover an email that was accidentally moved to the trash or deleted folder?" _!_
52952903.70868649 _!_ 104 _!_ Email _!_ "For record-keeping purposes, please CC the administrative assistant." _!_
79512102.92271386 _!_ 104 _!_ Email _!_ "I want to enable email notifications for file attachments or documents shared in emails." _!_
68923282.03848433 _!_ 104 _!_ Email _!_ "How can I set up email rules to automatically forward specific types of messages to a designated recipient?" _!_
79461087.54194267 _!_ 104 _!_ Email _!_ "Make sure to add the customer support team to the recipient list for follow-up." _!_
51501026.64941572 _!_ 104 _!_ Email _!_ "Avoid using email for long discussions or complex topics; consider scheduling a meeting or phone call instead." _!_
10706447.73172702 _!_ 104 _!_ Email _!_ "How do I recover an email that was accidentally marked as spam or moved to the junk folder?" _!_
70450706.43511759 _!_ 104 _!_ Email _!_ "I want to enable email encryption for secure communication and protection of sensitive information." _!_
29563459.48208241 _!_ 104 _!_ Email _!_ "How can I attach a file to an email?" _!_
45554716.81934055 _!_ 104 _!_ Email _!_ "I want to create a new email account. How can I do that?" _!_
61487625.20488701 _!_ 104 _!_ Email _!_ "Could you please CC the team lead on this email?" _!_
23495792.877325572 _!_ 104 _!_ Email _!_ "Can you guide me on how to set up email rules to automatically categorize incoming messages based on sender or subject?" _!_
98727809.01644029 _!_ 104 _!_ Email _!_ "Please show me how to print an email." _!_
68630679.98080368 _!_ 104 _!_ Email _!_ "How do I recover an email that was accidentally moved to the wrong folder?" _!_
24650386.95391174 _!_ 104 _!_ Email _!_ "I want to set up email rules to automatically move messages from specific senders to designated folders." _!_
2886487.456321729 _!_ 104 _!_ Email _!_ "Is it possible to recall a sent email?" _!_
74476842.43572816 _!_ 104 _!_ Email _!_ "I want to enable email encryption for secure communication with clients or business partners." _!_
45432695.44750997 _!_ 104 _!_ Email _!_ "How can I set up email notifications for when an attachment is received or downloaded?" _!_
8380943.132260854 _!_ 104 _!_ Email _!_ "How can I change the font size in my email?" _!_
41204379.39367349 _!_ 104 _!_ Email _!_ "I want to enable email notifications for important updates or announcements from specific senders." _!_
41272365.74302804 _!_ 104 _!_ Email _!_ "How can I set up email reminders to follow up on important messages or tasks?" _!_
51345472.96660659 _!_ 104 _!_ Email _!_ "Can you guide me on how to set up email filters to automatically delete messages from specific senders or domains?" _!_
99627314.99229185 _!_ 104 _!_ Email _!_ "I want to CC to ""Tom"" also." _!_
73790461.50288671 _!_ 104 _!_ Email _!_ "Ensure that the recipients listed under ""BCC"" remain hidden from other recipients." _!_
68733920.03155175 _!_ 104 _!_ Email _!_ "Can you guide me on how to set up email templates for frequently used responses or messages?" _!_
85727765.45409742 _!_ 104 _!_ Email _!_ "How do I recover deleted emails from the ""Trash"" or ""Deleted Items"" folder?" _!_
42888566.27752138 _!_ 104 _!_ Email _!_ "I need assistance with setting up email filters to automatically sort incoming messages into specific folders." _!_
61698866.51053709 _!_ 104 _!_ Email _!_ "Can you guide me on how to set up email filters to automatically forward messages to different recipients based on specific criteria?" _!_
16725414.412457185 _!_ 104 _!_ Email _!_ "Kindly CC me on all correspondence related to this project." _!_
29580509.805638477 _!_ 104 _!_ Email _!_ "How can I block unwanted email addresses?" _!_
25101290.933947362 _!_ 104 _!_ Email _!_ "I need assistance with configuring email synchronization on a tablet device." _!_
46196763.96284469 _!_ 104 _!_ Email _!_ "How can I search for specific emails in my inbox?" _!_
2040974.7147825619 _!_ 104 _!_ Email _!_ "I would appreciate it if you could carbon copy me on all future correspondence." _!_
78157884.08730172 _!_ 104 _!_ Email _!_ "Make sure to include the marketing department as a CC." _!_
39427762.23274287 _!_ 104 _!_ Email _!_ "How can I set up email reminders for important tasks or deadlines?" _!_
45185648.31540544 _!_ 104 _!_ Email _!_ "I want to set up email rules to automatically flag or categorize messages based on specific criteria." _!_
41210925.44140641 _!_ 104 _!_ Email _!_ "It would be helpful to include the product development team in the recipient list." _!_
23628689.975618444 _!_ 104 _!_ Email _!_ "I need assistance with configuring email synchronization on a smart TV or streaming device." _!_
30334206.047259495 _!_ 104 _!_ Email _!_ "Regularly unsubscribe from unnecessary mailing lists or newsletters to reduce email clutter." _!_
76536502.33436972 _!_ 104 _!_ Email _!_ "I need to forward an email to my colleague." _!_
52579918.93728128 _!_ 104 _!_ Email _!_ "I need assistance with setting up email synchronization between different email clients or platforms for unified access." _!_
85952331.04881383 _!_ 104 _!_ Email _!_ "How can I set up email notifications for when an email recipient marks my message as important or stars it?" _!_
74217570.0150525 _!_ 104 _!_ Email _!_ "How can I set up email notifications for when an email recipient replies with a specific keyword or phrase?" _!_
80470470.58712208 _!_ 104 _!_ Email _!_ "I need assistance with setting up email synchronization between different email accounts or platforms." _!_
93227313.20309483 _!_ 104 _!_ Email _!_ "I need assistance with setting up email folders for different projects or clients." _!_
23913467.535066567 _!_ 104 _!_ Email _!_ "Be mindful of your email tone and language to ensure professionalism and clarity in your communication." _!_
26306335.956012826 _!_ 104 _!_ Email _!_ "Please assist me in setting up a professional email signature." _!_
53799232.33686612 _!_ 104 _!_ Email _!_ "I need assistance with setting up email synchronization across multiple devices for seamless access to my mailbox." _!_
16130802.882808791 _!_ 104 _!_ Email _!_ "To ensure effective communication, please include all team members in the recipient list." _!_
63483617.879266106 _!_ 104 _!_ Email _!_ "How can I check the status of an email I sent?" _!_
22899654.830253303 _!_ 104 _!_ Email _!_ "Kindly send a courtesy copy of the message to our external partners." _!_
30825127.799920548 _!_ 104 _!_ Email _!_ "How do I recover emails from the ""Junk"" or ""Spam"" folder that were mistakenly flagged?" _!_
94954739.3871971 _!_ 104 _!_ Email _!_ "Can you recommend any email management techniques or best practices?" _!_
10937516.31515345 _!_ 104 _!_ Email _!_ "For confidentiality, blind copy the legal department on this email." _!_
72147227.5577389 _!_ 104 _!_ Email _!_ "Can you guide me on how to set up email filters to automatically flag or prioritize important messages?" _!_
56205469.14650667 _!_ 104 _!_ Email _!_ "Can you recommend any email client apps or software for better organization and management?" _!_
82843607.43399128 _!_ 104 _!_ Email _!_ "I want to set up email notifications for when an email recipient opens or reads my message." _!_
24798248.73383213 _!_ 104 _!_ Email _!_ "How do I recover an email that was accidentally moved to a different folder or archived?" _!_
94346629.0742764 _!_ 104 _!_ Email _!_ "I need assistance with setting up email archiving to store old messages for future reference or compliance purposes." _!_
29782680.989914212 _!_ 104 _!_ Email _!_ "For transparency, please add John to the recipient list." _!_
45591154.78968416 _!_ 104 _!_ Email _!_ "Can you recommend any email encryption tools or services to ensure the security and privacy of my messages?" _!_
25232634.049092263 _!_ 104 _!_ Email _!_ "How do I recover an email that was accidentally deleted from the inbox?" _!_
41611129.51201178 _!_ 104 _!_ Email _!_ "How can I set up email notifications for new messages on my smartwatch?" _!_
29127232.429636043 _!_ 104 _!_ Email _!_ "How can I set up email encryption for secure communication with my clients or business partners?" _!_
73118821.22868057 _!_ 104 _!_ Email _!_ "How do I recover an email that was accidentally moved to the wrong folder or subfolder within my mailbox?" _!_
33998596.657601014 _!_ 104 _!_ Email _!_ "Can you help me send an email?" _!_
2121375.1805421067 _!_ 104 _!_ Email _!_ "It's important to send a courtesy copy to the department head." _!_
88885924.85534744 _!_ 104 _!_ Email _!_ "I need assistance with setting up email templates for different types of email communication, such as formal or informal." _!_
14696215.39441548 _!_ 104 _!_ Email _!_ "How do I recover an email that was accidentally deleted from the trash or recycle bin?" _!_
1927294.1461537462 _!_ 104 _!_ Email _!_ "I need assistance with configuring email synchronization on a wearable device like a smartwatch or fitness tracker." _!_
62095403.923926465 _!_ 104 _!_ Email _!_ "How do I mark an email as unread?" _!_
20545677.52646357 _!_ 104 _!_ Email _!_ "Keep your email inbox organized by creating folders or labels for different categories or projects." _!_
31404165.646979176 _!_ 104 _!_ Email _!_ "For privacy reasons, please blind copy all recipients." _!_
37947834.3485909 _!_ 104 _!_ Email _!_ "I want to enable email archiving for long-term storage and easy retrieval of old messages." _!_
34394497.24067545 _!_ 104 _!_ Email _!_ "I want to set up email forwarding to forward all my incoming messages to another email address." _!_
65988397.39041379 _!_ 104 _!_ Email _!_ "I need to retrieve a deleted email. Is it possible?" _!_
988054.7098669257 _!_ 104 _!_ Email _!_ "Can you recommend any email productivity hacks or tips to effectively manage and prioritize my inbox?" _!_
64380506.62781724 _!_ 104 _!_ Email _!_ "Kindly forward this message to the relevant stakeholders." _!_
45565959.02479559 _!_ 104 _!_ Email _!_ "Is there a way to save important emails for future reference?" _!_
60529394.55178888 _!_ 104 _!_ Email _!_ "How can I set up email notifications for when an email recipient adds a comment or annotation to my message?" _!_
2849235.097741454 _!_ 104 _!_ Email _!_ "I need assistance with setting up email aliases or alternate email addresses for different purposes." _!_
69215247.26407231 _!_ 104 _!_ Email _!_ "How do I recover an email that was accidentally overwritten or replaced by a new draft?" _!_
47228829.03734699 _!_ 104 _!_ Email _!_ "Please guide me on how to reply to an email." _!_
92414870.7138502 _!_ 104 _!_ Email _!_ "Ensure that the recipients in the BCC field remain hidden." _!_
79074283.19495822 _!_ 104 _!_ Email _!_ "Can you recommend any email plugins or extensions for enhancing the functionality of my email client?" _!_
4788994.047491945 _!_ 104 _!_ Email _!_ "How can I set up email templates for commonly sent messages or responses?" _!_
36572888.533712514 _!_ 104 _!_ Email _!_ "Is there a way to schedule emails to be sent later?" _!_
72451320.58955486 _!_ 104 _!_ Email _!_ "How can I set up email notifications for when an email recipient downloads an attachment from my message?" _!_
78819955.72900172 _!_ 104 _!_ Email _!_ "How can I set up email forwarding from one account to another?" _!_
8175905.375022863 _!_ 104 _!_ Email _!_ "I want to set up email rules to automatically forward specific types of messages to designated recipients." _!_
30549935.983289156 _!_ 104 _!_ Email _!_ "How do I recover an email that was lost or deleted due to a technical issue or system error?" _!_
14805577.635920964 _!_ 104 _!_ Email _!_ "How can I set up email notifications for when an email recipient opens an attachment within my message?" _!_
20437460.446938362 _!_ 104 _!_ Email _!_ "How do I recover an email that was marked as spam or mistakenly filtered?" _!_
17513733.623890415 _!_ 104 _!_ Email _!_ "How can I set up email filters to automatically delete or block spam messages?" _!_
83966896.1152508 _!_ 104 _!_ Email _!_ "Please guide me on how to send emails." _!_
79292248.65427442 _!_ 104 _!_ Email _!_ "I need assistance with setting up email signatures that include my company logo or social media links." _!_
31044296.657033287 _!_ 104 _!_ Email _!_ "Kindly CC the sales manager on all client-related correspondences." _!_
87978122.9686686 _!_ 104 _!_ Email _!_ "Remember to add Susan as a courtesy copy in the email." _!_
31692408.416998696 _!_ 104 _!_ Email _!_ "How can I set up email notifications for when a new email arrives in my inbox?" _!_
76787171.79407905 _!_ 104 _!_ Email _!_ "How do I recover an email that was accidentally marked as read or unread?" _!_
41666920.23512959 _!_ 104 _!_ Email _!_ "Ensure that the recipients in the BCC field are not visible to others." _!_
9210436.61721469 _!_ 104 _!_ Email _!_ "I want to enable two-factor authentication for added security on my email account." _!_
33520825.98695648 _!_ 104 _!_ Email _!_ "How do I change my email password?" _!_
